Organization,Followed On
Wealthype,Tue Feb 06 12:11:00 UTC 2024
STULZ ,Thu Jan 11 12:33:57 UTC 2024
"The Brighton Financial and Insurance Services, LLC",Fri Aug 04 08:14:30 UTC 2023
Cespim Srl - Ricerca e Selezione di Personale,Thu Jun 08 11:59:21 UTC 2023
Work-Tops,Sat Jun 03 21:51:37 UTC 2023
Confindustria Ceramica,Mon Mar 20 11:07:41 UTC 2023
TECNEMA TECHNOLOGY SRL,Sun Mar 12 17:16:45 UTC 2023
Exalt Samples LLC,Sun Feb 05 11:25:18 UTC 2023
PBI Lab Inc.,Sun Oct 23 13:16:57 UTC 2022
Energy Dome,Tue Oct 18 22:13:49 UTC 2022
I-TECH S.r.l.,Wed Aug 10 10:09:30 UTC 2022
Sindacato Nazionale Ingegneri (S.N.Ing.),Sun Jul 03 22:23:47 UTC 2022
Granicer Ceramica Indiana,Mon Jun 06 19:32:40 UTC 2022
Pictet Asset Management,Fri Jun 03 10:34:45 UTC 2022
HANSA-TMP S.r.l.,Sat May 07 15:55:36 UTC 2022
POLIMI Graduate School of Management,Thu May 05 22:43:18 UTC 2022
Tesimag,Fri Mar 04 20:39:25 UTC 2022
Rigma srl,Thu Oct 28 10:11:02 UTC 2021
Leuze Italia,Fri Aug 27 13:40:47 UTC 2021
Expace Italia,Mon Mar 15 14:14:09 UTC 2021
DSD Strategy Consulting,Sat Jan 09 11:39:13 UTC 2021
International School of Management Excellence,Fri Jan 01 12:25:13 UTC 2021
TROVILAVORO.IT - Ricerca e Selezione del Personale,Sun Dec 06 17:41:21 UTC 2020
Plasma Science and Fusion Center at MIT,Sat Nov 28 15:11:44 UTC 2020
Nurazzo,Fri Jul 31 06:45:17 UTC 2020
EconomyUp - Nextwork360,Sun Jun 28 16:00:52 UTC 2020
MIP Politecnico di Milano,Sun Jun 28 14:28:07 UTC 2020
Revolut,Wed Jun 17 15:20:13 UTC 2020
CeramicWorldWeb,Thu Jun 11 17:20:39 UTC 2020
BG SAXO,Mon Jun 08 15:31:02 UTC 2020
Leads Watch,Thu May 07 08:35:37 UTC 2020
Zenit Formazione,Mon Mar 16 08:52:50 UTC 2020
Clappform,Mon Mar 09 10:04:31 UTC 2020
Addria,Wed Jan 08 13:31:36 UTC 2020
INDOMINUS ADVANCED SOLUTIONS,Wed Dec 18 13:27:43 UTC 2019
Vecor Limited,Thu Oct 10 09:50:22 UTC 2019
Task Papa,Tue Jun 18 21:21:11 UTC 2019
LKnet Software Solutions,Mon Jun 17 19:27:21 UTC 2019
technology matters,Fri Dec 21 17:27:07 UTC 2018
Intono ,Tue Oct 02 13:24:35 UTC 2018
massimo mantovani visual content maker,Thu Sep 27 20:27:06 UTC 2018
E80 Group,Sat Sep 22 16:08:57 UTC 2018
New Ravenna,Sun Dec 17 17:36:48 UTC 2017
Falorni Tech - Glass Melting Technology,Tue Nov 28 15:07:48 UTC 2017
Talasey Ltd,Wed Nov 08 08:47:39 UTC 2017
TeamSystem,Fri Sep 01 16:48:02 UTC 2017
Ibstock - at the heart of building,Mon Aug 28 07:20:14 UTC 2017
Bocedi S.r.l.,Wed Jul 19 16:29:50 UTC 2017
Marmoelettromeccanica,Wed Jun 21 10:49:43 UTC 2017
Page Personnel,Fri Jun 09 17:28:18 UTC 2017
Fintastico,Tue May 09 21:39:40 UTC 2017
Kinorigo,Wed May 03 10:01:47 UTC 2017
ABYAT,Sat Mar 11 15:56:24 UTC 2017
Square Affair tiles,Thu Mar 09 11:30:55 UTC 2017
British Ceramic Tile,Fri Jan 27 19:30:06 UTC 2017
LinkedIn for Learning,Thu Sep 22 14:42:54 UTC 2016
Liceo Scientifico,Thu Sep 08 22:27:21 UTC 2016
Slack,Mon Jul 18 21:09:58 UTC 2016
The CleftStone Works,Wed May 04 08:34:02 UTC 2016
Walker Zanger,Mon Mar 21 15:02:18 UTC 2016
Codecademy,Mon Mar 21 14:52:11 UTC 2016
Forterra PLC,Sun Mar 20 18:35:03 UTC 2016
Gruppo B&T,Wed Mar 02 08:23:07 UTC 2016
Trinity Capital,Tue Mar 01 21:10:34 UTC 2016
CNBC,Sat Feb 27 08:40:18 UTC 2016
Inc. Magazine,Sat Feb 27 08:39:40 UTC 2016
BBC News,Sat Feb 27 08:39:26 UTC 2016
SCOA Studio Consulenti Associati,Sun Feb 21 17:28:11 UTC 2016
Marazzi Group,Sun Feb 07 18:16:00 UTC 2016
TileLab Showroom,Sun Feb 07 10:39:13 UTC 2016
American Bullnose Company,Tue Jan 26 10:31:10 UTC 2016
2nd Chance Water Restoration of Chicago,Fri Jan 15 08:56:55 UTC 2016
Recruiter.com,Tue Jan 12 16:35:00 UTC 2016
Earp Bros,Tue Jan 12 10:33:41 UTC 2016
Mosarte,Mon Jan 11 16:05:21 UTC 2016
Fast Company,Sun Dec 20 11:41:22 UTC 2015
Travis Perkins plc,Fri Dec 18 09:58:10 UTC 2015
Sanchaya Impex,Thu Dec 17 15:42:23 UTC 2015
Aptitude Consultancy,Thu Dec 17 15:30:31 UTC 2015
Schablona India Ltd.,Wed Dec 16 14:12:48 UTC 2015
"Exalt Printing Solutions, LLC",Thu Dec 10 18:57:26 UTC 2015
Lea Ceramiche,Thu Dec 10 18:29:21 UTC 2015
Gruppo Concorde S.p.A.,Thu Dec 10 18:28:31 UTC 2015
AA Electric,Thu Dec 10 18:28:00 UTC 2015
Cotto d'Este,Thu Dec 10 18:27:37 UTC 2015
Giacomini S.p.A.,Thu Dec 10 18:27:20 UTC 2015
Biesterfeld Polybass Spa,Thu Dec 10 18:27:01 UTC 2015
STULZ Italy,Thu Dec 10 18:26:41 UTC 2015
MB Crusher,Thu Dec 10 18:26:25 UTC 2015
STaSIS Engineering,Thu Dec 10 18:26:10 UTC 2015
CORRADI Outdoor Living Space,Thu Dec 10 18:25:47 UTC 2015
SYAC,Thu Dec 10 18:25:22 UTC 2015
CCP Direct,Thu Dec 10 18:25:04 UTC 2015
Rockpanel,Thu Dec 10 18:24:40 UTC 2015
"Barclay Water Management, Inc.",Thu Dec 10 18:23:45 UTC 2015
Industrial Air Centers,Thu Dec 10 18:23:32 UTC 2015
Perfect Placement UK Ltd,Thu Dec 10 18:23:20 UTC 2015
"Sai Electricals, Meerut",Thu Dec 10 18:22:59 UTC 2015
BFT Automation,Thu Dec 10 18:22:36 UTC 2015
Giovenzana International B.V.,Thu Dec 10 18:22:15 UTC 2015
Vives Azulejos y Gres S.A.,Thu Dec 10 18:21:52 UTC 2015
Anutone Acoustics Ltd,Thu Dec 10 18:21:37 UTC 2015
Dafco Filtration Group,Thu Dec 10 18:21:24 UTC 2015
LAMINAM,Thu Dec 10 18:21:02 UTC 2015
ARALAB,Thu Dec 10 18:20:50 UTC 2015
The Stones Inc.,Thu Dec 10 17:10:03 UTC 2015
Grupo Marben // Ceramicas Crismar,Fri Dec 04 16:57:31 UTC 2015
Quanture,Tue Dec 01 23:15:05 UTC 2015
AIESEC Italia,Tue Dec 01 14:34:26 UTC 2015
DLZ Corporation,Mon Nov 30 15:46:58 UTC 2015
KPMG,Mon Nov 30 15:10:19 UTC 2015
Deloitte,Mon Nov 30 15:10:10 UTC 2015
Mohawk Industries,Sun Nov 29 19:45:56 UTC 2015
Dekovery Design™,Sun Nov 29 19:42:34 UTC 2015
Vitrex Mosaici,Fri Nov 27 14:22:56 UTC 2015
AdviseOnly,Thu Nov 26 12:10:16 UTC 2015
mastrapasqua marmi srl,Tue Nov 24 16:23:14 UTC 2015
Biesse,Tue Nov 24 15:59:41 UTC 2015
Martina De Nardi,Thu Nov 19 17:26:08 UTC 2015
Evernote,Tue Nov 17 18:20:11 UTC 2015
Dropbox,Tue Nov 17 18:20:11 UTC 2015
re:Work with Google,Mon Nov 16 17:05:43 UTC 2015
IFTTT,Mon Nov 16 10:02:19 UTC 2015
LinkedIn,Wed Nov 11 16:06:01 UTC 2015
Gruppo HRI1,Wed Nov 11 16:02:06 UTC 2015
MG Holding Group Limited,Wed Nov 11 13:30:32 UTC 2015
Oracle,Tue Nov 10 11:47:10 UTC 2015
Entrepreneur Media,Mon Nov 09 23:25:30 UTC 2015
etailinsights,Mon Nov 09 14:39:07 UTC 2015
Caesar Urban Lab,Tue Nov 03 14:10:06 UTC 2015
GAYAFORES,Tue Nov 03 10:47:46 UTC 2015
Hewlett Packard Enterprise,Tue Nov 03 00:15:55 UTC 2015
Target,Tue Nov 03 00:06:57 UTC 2015
Crossville Tile,Mon Nov 02 18:07:22 UTC 2015
Saint-Gobain,Mon Nov 02 17:51:28 UTC 2015
DAR Designs,Mon Nov 02 09:10:07 UTC 2015
Mosaic Home Hammes,Sun Nov 01 22:34:30 UTC 2015
Cognizant,Sun Nov 01 13:36:44 UTC 2015
TileStyle,Sat Oct 31 10:26:03 UTC 2015
Breton USA,Sat Oct 31 02:24:28 UTC 2015
BitNinja Security,Sat Oct 31 02:20:53 UTC 2015
Emser Tile,Fri Oct 30 16:57:45 UTC 2015
Ragno USA,Fri Oct 30 00:03:24 UTC 2015
Porcelanosa,Thu Oct 29 10:17:30 UTC 2015
Paolini Marble srl,Thu Oct 29 08:02:54 UTC 2015
Next Step Test Preparation LLC,Wed Oct 28 23:11:34 UTC 2015
MARFIL TILES,Thu Nov 26 09:10:08 UTC 2015
alfanar,Wed Oct 28 10:02:43 UTC 2015
RAK Ceramics,Wed Oct 28 09:01:38 UTC 2015
Marble Of The World,Tue Oct 27 17:57:01 UTC 2015
Noken | Porcelanosa Bathrooms,Tue Oct 27 14:36:42 UTC 2015
Formigari,Tue Oct 27 14:16:36 UTC 2015
Wienerberger India Private Limited,Tue Oct 27 08:32:50 UTC 2015
Simec Spa,Mon Oct 26 14:21:05 UTC 2015
Marmi Orobici Graniti spa,Mon Oct 26 11:16:05 UTC 2015
The Coming of Noah's 2nd Ark ,Mon Oct 26 08:51:57 UTC 2015
York Fabrica Inc.,Sat Oct 24 08:58:17 UTC 2015
Chelsea Arts Tile & Stone,Thu Oct 22 18:53:26 UTC 2015
ANN SACKS Tile & Stone,Thu Oct 22 18:53:24 UTC 2015
Venosa Precast Terrazzo,Thu Oct 22 18:52:47 UTC 2015
"Hebei Mountain Stone and Tile Co., Ltd",Wed Oct 21 09:51:17 UTC 2015
Breton,Tue Oct 20 13:31:42 UTC 2015
GRANiTAŞ GRANİT SANAYİ VE PAZARLAMA A.Ş.,Tue Oct 20 13:30:14 UTC 2015
ABC Worldwide Stone,Tue Oct 20 07:26:59 UTC 2015
LinkedIn's Economic Graph,Mon Oct 19 16:19:51 UTC 2015
LinkedIn for Sales,Mon Oct 19 16:19:50 UTC 2015
LinkedIn for Marketing,Mon Oct 19 16:19:49 UTC 2015
Lynda.com Education,Mon Oct 19 16:18:54 UTC 2015
Lynda.com Technology,Mon Oct 19 16:18:50 UTC 2015
Lynda.com Creative,Mon Oct 19 16:18:47 UTC 2015
Lynda.com Business,Mon Oct 19 16:18:45 UTC 2015
AB Pinnacle Stone Pvt Ltd,Mon Oct 19 10:02:50 UTC 2015
Algedra,Mon Oct 19 08:24:49 UTC 2015
Marble Project,Mon Oct 19 07:45:58 UTC 2015
Arizona Tile,Sun Oct 18 10:20:32 UTC 2015
Boston Consulting Group (BCG),Sun Oct 18 10:20:29 UTC 2015
Ceramiche Gardenia Orchidea S.p.a.,Sun Oct 18 10:20:17 UTC 2015
LANKATILES (Lanka Walltiles PLC | Lanka Tiles PLC),Sat Oct 17 15:41:28 UTC 2015
Zucchi Luxury Stones,Thu Oct 15 21:32:48 UTC 2015
Pantai Surfaces,Thu Oct 15 07:10:10 UTC 2015
Pamesa Cerámica,Thu Oct 15 07:08:08 UTC 2015
Marble and Granite,Wed Oct 14 09:59:20 UTC 2015
Master Tile,Wed Oct 14 09:58:58 UTC 2015
Stone,Wed Oct 14 09:58:56 UTC 2015
Tetra Tech Coffey,Mon Oct 12 21:00:43 UTC 2015
"Florida Tile, Inc.",Mon Oct 12 14:36:28 UTC 2015
Keratek d.o.o.,Mon Oct 12 11:05:42 UTC 2015
COSENTINO,Mon Oct 12 10:26:54 UTC 2015
SACMI,Thu Oct 08 13:32:02 UTC 2015
"The Financial Executives Networking Group, Inc. (The FENG)",Wed Sep 30 22:38:46 UTC 2015
SMALTOCHIMICA Srl,Tue Sep 22 22:27:41 UTC 2015
Harvard Business Review,Sat Feb 27 08:39:48 UTC 2016
Lynda.com,Sun Sep 13 11:56:13 UTC 2015
Lapitec S.p.a,Thu Sep 10 15:21:40 UTC 2015
…,Thu Sep 10 14:23:50 UTC 2015
GranQuartz,Thu Sep 10 10:35:18 UTC 2015
Vandersanden,Thu Sep 10 08:03:28 UTC 2015
Cristofoli International,Tue Sep 08 07:18:52 UTC 2015
ITALON - АО Керамогранитный Завод,Mon Sep 07 14:17:17 UTC 2015
The International Surface Event (tise),Mon Sep 07 09:40:22 UTC 2015
RUSTIQUE,Wed Sep 02 17:14:51 UTC 2015
Engels Baksteen,Wed Sep 02 17:14:09 UTC 2015
Engels Baksteen,Wed Sep 02 17:05:16 UTC 2015
Apple,Tue Sep 01 13:11:39 UTC 2015
Google,Tue Sep 01 09:04:36 UTC 2015
Michelmersh Brick Holdings PLC,Wed Jul 29 15:34:22 UTC 2015
FINTECH Circle,Fri Jul 24 15:07:14 UTC 2015
Solus,Thu Jul 23 15:28:17 UTC 2015
Brick Industry Association,Wed Jul 22 11:00:48 UTC 2015
Brickworks Vande Moortel,Wed Jul 22 10:53:45 UTC 2015
Ploegsteert,Wed Jul 22 10:49:47 UTC 2015
Nelissen Steenfabrieken,Wed Jul 22 10:46:40 UTC 2015
Floren & Cie,Wed Jul 22 10:36:26 UTC 2015
Dumoulin Bricks,Wed Jul 22 10:33:27 UTC 2015
SVK,Wed Jul 22 10:29:45 UTC 2015
Triangle Brick Company,Wed Jul 22 10:08:54 UTC 2015
"Taylor Clay Products, Inc.",Wed Jul 22 09:53:23 UTC 2015
Brampton Brick Limited,Mon Jul 20 13:35:26 UTC 2015
BOVINGDON BRICKWORKS LIMITED,Mon Jul 20 13:25:21 UTC 2015
Forterra,Mon Jul 20 11:09:56 UTC 2015
Redland Brick Inc.,Mon Jul 20 10:53:37 UTC 2015
General Shale,Mon Jul 20 10:39:53 UTC 2015
Endicott Clay Products,Mon Jul 20 10:35:04 UTC 2015
Pine Hall Brick,Mon Jul 20 10:33:19 UTC 2015
The Belden Brick Company,Mon Jul 20 10:29:41 UTC 2015
wienerberger,Sat Jul 18 14:33:12 UTC 2015
Deutsche Steinzeug Keramik GmbH,Sat Jul 18 13:22:19 UTC 2015
Villeroy & Boch,Fri Jul 17 07:32:28 UTC 2015
Modula,Tue Jul 14 17:46:15 UTC 2015
"Foshan Coto Kiln Co., Ltd.",Tue Jul 14 09:19:36 UTC 2015
RAK Ceramics (India),Tue Jul 14 09:19:35 UTC 2015
PT MULIA KERAMIK INDAHRAYA,Tue Jul 14 09:19:24 UTC 2015
MIRPUR CERAMIC WORKS LIMITED,Tue Jul 14 09:19:19 UTC 2015
Somany Ceramics Ltd,Tue Jul 14 09:19:13 UTC 2015
Breton,Mon Jul 13 10:19:04 UTC 2015
Marmomac,Mon Jul 13 07:06:37 UTC 2015
Vitromex,Fri Jun 26 12:59:53 UTC 2015
Kairos Media Group,Wed Jun 17 10:51:23 UTC 2015
Tile & Stone Works,Tue Jun 16 09:34:36 UTC 2015
Agency Trifecta,Tue Jun 16 07:27:28 UTC 2015
Ceramiche Caesar Spa,Wed May 13 17:26:24 UTC 2015
Mirage Granito Ceramico S.p.A,Wed May 13 17:26:14 UTC 2015
Iris Ceramica,Wed May 13 17:26:08 UTC 2015
Fiandre Architectural Surfaces,Wed May 13 17:26:01 UTC 2015
Ceramiche Refin S.p.A.,Wed May 13 17:25:56 UTC 2015
Atlas Concorde,Wed May 13 17:24:44 UTC 2015
Amref Health Africa,Tue May 12 18:10:32 UTC 2015
Acme Brick,Tue May 12 16:18:43 UTC 2015
COEM S.p.A.,Tue May 05 14:35:06 UTC 2015
Granada Tile,Tue Apr 21 13:01:29 UTC 2015
Abrasive Technology,Mon Apr 20 10:11:45 UTC 2015
"GV Service, Inc.",Fri Apr 17 14:52:53 UTC 2015
AIAF Associazione Italiana per l'Analisi Finanziaria,Fri Apr 17 07:38:09 UTC 2015
Nuovvo,Thu Apr 16 09:45:42 UTC 2015
Johnson Tiles,Thu Apr 16 09:37:21 UTC 2015
ManpowerGroup4Expo,Wed Apr 15 21:48:58 UTC 2015
Spiiky,Wed Apr 15 16:00:23 UTC 2015
Tecnema,Mon Mar 30 15:43:42 UTC 2015
Accenture,Mon Nov 30 15:10:24 UTC 2015
Università degli Studi di Modena e Reggio Emilia,Tue Jan 31 10:02:37 UTC 2012